Summary,Issue key,Issue id,Issue Type,Status,Project key,Project name,Project type,Project lead,Project lead id,Project description,Priority,Resolution,Assignee,Assignee Id,Reporter,Reporter Id,Creator,Creator Id,Created,Updated,Last Viewed,Resolved,Due date,Votes,Description,Environment,Watchers,Watchers Id,Log Work,Original estimate,Remaining Estimate,Time Spent,Work Ratio,Σ Original Estimate,Σ Remaining Estimate,Σ Time Spent,Security Level,Outward issue link (Blocks),Outward issue link (Cloners),Outward issue link (Relates),Outward issue link (Relates),Attachment,Attachment,Attachment,Custom field (Actual end),Custom field (Actual start),Custom field (Change reason),Custom field (Change risk),Custom field (Change type),Custom field (Development),Custom field (Epic Color),Custom field (Epic Link),Custom field (Epic Name),Custom field (Epic Status),Custom field (Impact),Custom field (Issue color),Custom field (Rank),Custom field (Request Type),Sprint,Sprint,Sprint,Custom field (Start date),Custom field (Story Points),Custom field (Story point estimate),Custom field (Target end),Custom field (Target start),Custom field (Team),Custom field ([CHART] Date of First Response),Status Category
Verify the click on all properties.,RE-106,10105,Test,Done,RE,Real estate,software,Shruti Patil,612ef7c27c4e7900711e9356,,Medium,Done,Shruti Patil,612ef7c27c4e7900711e9356,Shruti Patil,612ef7c27c4e7900711e9356,Shruti Patil,612ef7c27c4e7900711e9356,08/Sep/21 4:55 PM,09/Sep/21 4:06 AM,09/Sep/21 3:29 AM,08/Sep/21 5:12 PM,,0,,,Shruti Patil,612ef7c27c4e7900711e9356,,,,,,,,,,,,RE-2,,,,,,,,,,{},,,,,,,0|i0000q:zzx,,RE Sprint 4,,,,,,,,,,Done
Verify the region field field with Special characters,RE-104,10103,Test,Done,RE,Real estate,software,Shruti Patil,612ef7c27c4e7900711e9356,,Medium,Done,Shruti Patil,612ef7c27c4e7900711e9356,Shruti Patil,612ef7c27c4e7900711e9356,Shruti Patil,612ef7c27c4e7900711e9356,08/Sep/21 11:04 AM,09/Sep/21 4:07 AM,08/Sep/21 4:45 PM,08/Sep/21 11:13 AM,,0,,,Shruti Patil,612ef7c27c4e7900711e9356,,,,,,,,,,,,RE-14,,,,,,,,,,{},,,,,,,0|i0000q:zuwi,,RE Sprint 2,RE Sprint 4,,,,,,,,,Done
Verify the region field with alphanumeric data.,RE-103,10102,Test,Done,RE,Real estate,software,Shruti Patil,612ef7c27c4e7900711e9356,,Medium,Done,Shruti Patil,612ef7c27c4e7900711e9356,Shruti Patil,612ef7c27c4e7900711e9356,Shruti Patil,612ef7c27c4e7900711e9356,08/Sep/21 11:04 AM,09/Sep/21 4:12 AM,09/Sep/21 4:53 AM,08/Sep/21 11:13 AM,,0,,,Shruti Patil,612ef7c27c4e7900711e9356,,,,,,,,,,,,RE-14,,,,,,,,,,{},,,,,,,0|i0000q:zw,,RE Sprint 2,RE Sprint 4,,,,,,,,,Done
Verify the region field with numeric data.,RE-102,10101,Test,Done,RE,Real estate,software,Shruti Patil,612ef7c27c4e7900711e9356,,Medium,Done,Shruti Patil,612ef7c27c4e7900711e9356,Shruti Patil,612ef7c27c4e7900711e9356,Shruti Patil,612ef7c27c4e7900711e9356,08/Sep/21 11:03 AM,09/Sep/21 4:05 AM,09/Sep/21 4:53 AM,08/Sep/21 11:13 AM,,0,,,Shruti Patil,612ef7c27c4e7900711e9356,,,,,,,,,,,,RE-14,,,,,,,,,,{},,,,,,,0|i0000q:zuwr,,RE Sprint 2,RE Sprint 4,,,,,,,,,Done
Future date is accepted in posted by field.,RE-101,10100,Bug,To Do,RE,Real estate,software,Shruti Patil,612ef7c27c4e7900711e9356,,Medium,,Shruti Patil,612ef7c27c4e7900711e9356,Shruti Patil,612ef7c27c4e7900711e9356,Shruti Patil,612ef7c27c4e7900711e9356,08/Sep/21 10:03 AM,09/Sep/21 2:36 AM,09/Sep/21 2:36 AM,,,0,"Future date is accepted in posted by field.

Steps to reproduce-

1.Go to real estate site application.

[2.Do|http://2.do/] the login in process by using username and password.

3.Go to all properties module.

4.Go to quick edit page of title field.

5.on that page date field is available when we click the future date that also accepted.

6.verify these future date is show in posted by field.

expected Result-

future date should not be accepted in posted by field

Actual Result-

Future date is accepted in posted by field.

!Date-20210909-023552.PNG|width=254,height=304!",,Shruti Patil,612ef7c27c4e7900711e9356,,,,,,,,,,,,RE-95,,09/Sep/21 2:36 AM;ug:344917ca-ed78-4eec-8606-29a610e791bd;Date-20210909-023552.PNG;https://realestate1501.atlassian.net/secure/attachment/10002/Date-20210909-023552.PNG,,,,,,,,{},,,,,,,0|i0000l:r,,RE Sprint 2,RE Sprint 4,,,,,,,,,To Do
Pending review option for approved in edit field and quick edit field should not getting same result.,RE-100,10099,Bug,To Do,RE,Real estate,software,Shruti Patil,612ef7c27c4e7900711e9356,,Medium,,Shruti Patil,612ef7c27c4e7900711e9356,Shruti Patil,612ef7c27c4e7900711e9356,Shruti Patil,612ef7c27c4e7900711e9356,08/Sep/21 10:03 AM,09/Sep/21 2:40 AM,09/Sep/21 2:41 AM,,,0,"Pending review option for approved in edit field and quick edit field should not getting same result.

Steps to reproduce for edit field-

1.Go to real estate site application.

[2.Do|http://2.Do] the login in process by using username and password.

3.Go to all properties module.

4.Go to quick edit page on that page go to the status field and select the pending review status.

5.click on pending review status approved action is performed.

6.verify the approved action then getting the no change on screen(only refresh the page).

Steps to reproduce for quick edit field-

1.Go to real estate site application.

[2.Do|http://2.Do] the login in process by using username and password.

3.Go to all properties module.

4.Go to edit page on that page go to the status field and select the pending review status.

5.click on pending review status approved action is performed.

6.verify the approved action then getting the new page open with’0' value.

expected Result-

Pending review option for approved in edit field and quick edit field should be getting same result.

Actual Result-

Pending review option for approved in edit field and quick edit field should not getting same result.

!image-20210909-023818.png|width=1322,height=143!

!quick edit approved-20210909-023918.PNG|width=138,height=176!

!image-20210909-024036.png|width=1307,height=93!",,Shruti Patil,612ef7c27c4e7900711e9356,,,,,,,,,,,,RE-56,RE-51,09/Sep/21 2:40 AM;ug:344917ca-ed78-4eec-8606-29a610e791bd;image-20210909-023818.png;https://realestate1501.atlassian.net/secure/attachment/10004/image-20210909-023818.png,09/Sep/21 2:40 AM;ug:344917ca-ed78-4eec-8606-29a610e791bd;image-20210909-024036.png;https://realestate1501.atlassian.net/secure/attachment/10005/image-20210909-024036.png,09/Sep/21 2:40 AM;ug:344917ca-ed78-4eec-8606-29a610e791bd;quick edit approved-20210909-023918.PNG;https://realestate1501.atlassian.net/secure/attachment/10003/quick+edit+approved-20210909-023918.PNG,,,,,,{},,,,,,,0|i0000m:,,RE Sprint 2,RE Sprint 4,,,,,,,,,To Do
"""Password filed"" accepted more than 10 characters.",RE-99,10098,Bug,To Do,RE,Real estate,software,Shruti Patil,612ef7c27c4e7900711e9356,,Medium,,Shruti Patil,612ef7c27c4e7900711e9356,Shruti Patil,612ef7c27c4e7900711e9356,Shruti Patil,612ef7c27c4e7900711e9356,08/Sep/21 10:01 AM,08/Sep/21 4:53 PM,09/Sep/21 2:34 AM,,,0,"Password field is accepting more than 10 characters.

Steps to reproduce-

1.Go to real estate site application.

[2.Do|http://2.Do] the login in process by using username and password.

3.Go to all properties module.

4.Go to quick edit page of title field name.

5.Verify the password field.

expected Result-

""Password field"" should not be accepting more than 10 characters.

Actual Result-

""Password field"" is accepting more than 10 characters.",,Shruti Patil,612ef7c27c4e7900711e9356,,,,,,,,,,,,RE-71,,,,,,,,,,{},,,,,,,0|i0000l:i,,RE Sprint 2,RE Sprint 4,,,,,,,,,To Do
"""Title field"" accepted special characters.",RE-98,10097,Bug,To Do,RE,Real estate,software,Shruti Patil,612ef7c27c4e7900711e9356,,Medium,,Shruti Patil,612ef7c27c4e7900711e9356,Shruti Patil,612ef7c27c4e7900711e9356,Shruti Patil,612ef7c27c4e7900711e9356,08/Sep/21 10:01 AM,09/Sep/21 2:33 AM,09/Sep/21 2:33 AM,,,0,"Title field is accepting special characters.

Steps to reproduce-

1.Go to real estate site application.

[2.Do|http://2.Do] the login in process by using username and password.

3.Go to all properties module.

4.Go to quick edit page of title field name.

5.Verify the title name field.

expected Result-

""title name field"" should not be accepting special characters.

Actual Result-

""title name field"" is accepting special characters.

!Title field-20210909-023043.PNG|width=615,height=210!",,Shruti Patil,612ef7c27c4e7900711e9356,,,,,,,,,,,,RE-34,,09/Sep/21 2:33 AM;ug:344917ca-ed78-4eec-8606-29a610e791bd;Title field-20210909-023043.PNG;https://realestate1501.atlassian.net/secure/attachment/10001/Title+field-20210909-023043.PNG,,,,,,,,{},,,,,,,0|i0000l:,,RE Sprint 2,RE Sprint 4,,,,,,,,,To Do
"""title name field"" accepting more than 30 characters.",RE-97,10096,Bug,To Do,RE,Real estate,software,Shruti Patil,612ef7c27c4e7900711e9356,,Medium,,Shruti Patil,612ef7c27c4e7900711e9356,Shruti Patil,612ef7c27c4e7900711e9356,Shruti Patil,612ef7c27c4e7900711e9356,08/Sep/21 10:00 AM,09/Sep/21 2:31 AM,09/Sep/21 2:32 AM,,,0,"Title field is accepting more than 30 characters.

Steps to reproduce-

1.Go to real estate site application.

[2.Do|http://2.Do] the login in process by using username and password.

3.Go to all properties module.

4.Go to quick edit page of title field name.

5.Verify the title name field.

expected Result-

""title name field"" should not be accepting more than 30 characters.

Actual Result-

""title name field"" is accepting more than 30 characters.

!Title field-20210909-023043.PNG|width=615,height=210!",,Shruti Patil,612ef7c27c4e7900711e9356,,,,,,,,,,,,RE-80,,09/Sep/21 2:31 AM;ug:344917ca-ed78-4eec-8606-29a610e791bd;Title field-20210909-023043.PNG;https://realestate1501.atlassian.net/secure/attachment/10000/Title+field-20210909-023043.PNG,,,,,,,,{},,,,,,,0|i0000l:9,,RE Sprint 2,RE Sprint 4,,,,,,,,,To Do
verify any timing accepted in posted by field.,RE-96,10095,Test,Done,RE,Real estate,software,Shruti Patil,612ef7c27c4e7900711e9356,,Medium,Done,Shruti Patil,612ef7c27c4e7900711e9356,Shruti Patil,612ef7c27c4e7900711e9356,Shruti Patil,612ef7c27c4e7900711e9356,08/Sep/21 9:55 AM,09/Sep/21 4:03 AM,09/Sep/21 4:53 AM,08/Sep/21 10:55 AM,,0,,,Shruti Patil,612ef7c27c4e7900711e9356,,,,,,,,,,,,,,,,,,,,,,{},,,,,,,0|i0000p:,,RE Sprint 2,RE Sprint 4,,,,,,,,,Done
Verify the future date is accepted.,RE-95,10094,Test,Blocked,RE,Real estate,software,Shruti Patil,612ef7c27c4e7900711e9356,,Medium,Done,Shruti Patil,612ef7c27c4e7900711e9356,Shruti Patil,612ef7c27c4e7900711e9356,Shruti Patil,612ef7c27c4e7900711e9356,08/Sep/21 9:52 AM,08/Sep/21 6:30 PM,08/Sep/21 6:06 PM,08/Sep/21 10:50 AM,,0,,,Shruti Patil,612ef7c27c4e7900711e9356,,,,,,,,,,,,,,,,,,,,,,{},,,,,,,0|i0000q:,,RE Sprint 2,RE Sprint 4,,,,,,,,,In Progress
Verify admin remove the title name field from the bulk edit.,RE-94,10093,Test,Done,RE,Real estate,software,Shruti Patil,612ef7c27c4e7900711e9356,,Medium,Done,Shruti Patil,612ef7c27c4e7900711e9356,Shruti Patil,612ef7c27c4e7900711e9356,Shruti Patil,612ef7c27c4e7900711e9356,08/Sep/21 9:42 AM,09/Sep/21 4:04 AM,09/Sep/21 4:53 AM,08/Sep/21 10:56 AM,,0,,,Shruti Patil,612ef7c27c4e7900711e9356,,,,,,,,,,,,,,,,,,,,,,{},,,,,,,0|i0000q:zq,,RE Sprint 2,RE Sprint 4,,,,,,,,,Done
"As a admin , I should be able to pagination by clicking on arrows.",RE-93,10092,Story,Done,RE,Real estate,software,Shruti Patil,612ef7c27c4e7900711e9356,,Medium,Done,Shruti Patil,612ef7c27c4e7900711e9356,Shruti Patil,612ef7c27c4e7900711e9356,Shruti Patil,612ef7c27c4e7900711e9356,08/Sep/21 9:36 AM,08/Sep/21 5:16 PM,08/Sep/21 5:17 PM,08/Sep/21 4:32 PM,,0,,,Shruti Patil,612ef7c27c4e7900711e9356,;08/Sep/21 2:50 PM;ug:344917ca-ed78-4eec-8606-29a610e791bd;2400,2400,0,2400,100%,2400,0,2400,,,,,,,,,,,,,,{},,RE-1,,,,,0|i0000m:9,,RE Sprint 2,RE Sprint 4,,,,,,,,,Done
Verify pagination by clicking on arrow.,RE-92,10091,Test,Done,RE,Real estate,software,Shruti Patil,612ef7c27c4e7900711e9356,,Medium,Done,Shruti Patil,612ef7c27c4e7900711e9356,Shruti Patil,612ef7c27c4e7900711e9356,Shruti Patil,612ef7c27c4e7900711e9356,08/Sep/21 9:34 AM,09/Sep/21 4:06 AM,09/Sep/21 4:53 AM,08/Sep/21 10:52 AM,,0,,,Shruti Patil,612ef7c27c4e7900711e9356,,,,,,,,,,,,RE-93,,,,,,,,,,{},,,,,,,0|i0000r:,,RE Sprint 2,RE Sprint 4,,,,,,,,,Done
verify the click on expired properties.,RE-91,10090,Test,Done,RE,Real estate,software,Shruti Patil,612ef7c27c4e7900711e9356,,Medium,Done,Shruti Patil,612ef7c27c4e7900711e9356,Shruti Patil,612ef7c27c4e7900711e9356,Shruti Patil,612ef7c27c4e7900711e9356,08/Sep/21 9:25 AM,09/Sep/21 4:09 AM,09/Sep/21 3:29 AM,08/Sep/21 10:57 AM,,0,,,Shruti Patil,612ef7c27c4e7900711e9356,,,,,,,,,,,,RE-2,,,,,,,,,,{},,,,,,,0|i0000q:zz9,,RE Sprint 2,RE Sprint 4,,,,,,,,,Done
verify the click on trash properties.,RE-90,10089,Test,Done,RE,Real estate,software,Shruti Patil,612ef7c27c4e7900711e9356,,Medium,Done,Shruti Patil,612ef7c27c4e7900711e9356,Shruti Patil,612ef7c27c4e7900711e9356,Shruti Patil,612ef7c27c4e7900711e9356,08/Sep/21 9:25 AM,09/Sep/21 4:07 AM,09/Sep/21 4:53 AM,08/Sep/21 10:56 AM,,0,,,Shruti Patil,612ef7c27c4e7900711e9356,,,,,,,,,,,,RE-2,,,,,,,,,,{},,,,,,,0|i0000q:zzm,,RE Sprint 2,RE Sprint 4,,,,,,,,,Done
verify the click on private properties.,RE-89,10088,Test,Done,RE,Real estate,software,Shruti Patil,612ef7c27c4e7900711e9356,,Medium,Done,Shruti Patil,612ef7c27c4e7900711e9356,Shruti Patil,612ef7c27c4e7900711e9356,Shruti Patil,612ef7c27c4e7900711e9356,08/Sep/21 9:24 AM,09/Sep/21 4:06 AM,09/Sep/21 4:53 AM,08/Sep/21 10:57 AM,,0,,,Shruti Patil,612ef7c27c4e7900711e9356,,,,,,,,,,,,RE-2,,,,,,,,,,{},,,,,,,0|i0000q:zzk,,RE Sprint 2,RE Sprint 4,,,,,,,,,Done
verify the click on drafts properties,RE-88,10087,Test,Done,RE,Real estate,software,Shruti Patil,612ef7c27c4e7900711e9356,,Medium,Done,Shruti Patil,612ef7c27c4e7900711e9356,Shruti Patil,612ef7c27c4e7900711e9356,Shruti Patil,612ef7c27c4e7900711e9356,08/Sep/21 9:24 AM,09/Sep/21 4:11 AM,09/Sep/21 4:53 AM,08/Sep/21 10:56 AM,,0,,,Shruti Patil,612ef7c27c4e7900711e9356,,,,,,,,,,,,RE-2,,,,,,,,,,{},,,,,,,0|i0000q:zzj,,RE Sprint 2,RE Sprint 4,,,,,,,,,Done
verify the click on published properties.,RE-87,10086,Test,Done,RE,Real estate,software,Shruti Patil,612ef7c27c4e7900711e9356,,Medium,Done,Shruti Patil,612ef7c27c4e7900711e9356,Shruti Patil,612ef7c27c4e7900711e9356,Shruti Patil,612ef7c27c4e7900711e9356,08/Sep/21 9:23 AM,09/Sep/21 4:07 AM,08/Sep/21 4:56 PM,08/Sep/21 10:58 AM,,0,,,Shruti Patil,612ef7c27c4e7900711e9356,,,,,,,,,,,,RE-2,,,,,,,,,,{},,,,,,,0|i0000q:zzv,,RE Sprint 2,RE Sprint 4,,,,,,,,,Done
Verify the click on mine properties.,RE-86,10085,Test,Done,RE,Real estate,software,Shruti Patil,612ef7c27c4e7900711e9356,,Medium,Done,Shruti Patil,612ef7c27c4e7900711e9356,Shruti Patil,612ef7c27c4e7900711e9356,Shruti Patil,612ef7c27c4e7900711e9356,08/Sep/21 9:23 AM,09/Sep/21 4:06 AM,08/Sep/21 4:57 PM,08/Sep/21 10:56 AM,,0,,,Shruti Patil,612ef7c27c4e7900711e9356,,,,,,,,,,,,RE-2,,,,,,,,,,{},,,,,,,0|i0000q:zzji,,RE Sprint 2,RE Sprint 4,,,,,,,,,Done
"""Title field"" accepts more than 30 characters.",RE-80,10079,Test,Blocked,RE,Real estate,software,Shruti Patil,612ef7c27c4e7900711e9356,,Medium,Done,Shruti Patil,612ef7c27c4e7900711e9356,Shruti Patil,612ef7c27c4e7900711e9356,Shruti Patil,612ef7c27c4e7900711e9356,08/Sep/21 5:00 AM,08/Sep/21 5:55 PM,09/Sep/21 4:03 AM,08/Sep/21 10:55 AM,,0,,,Shruti Patil,612ef7c27c4e7900711e9356,,,,,,,,,,,,RE-31,,,,,,,,,,{},,,,,,,0|i0000q:xd,,RE Sprint 2,RE Sprint 4,,,,,,,,,In Progress
Verify the Excerpt view mode in screen option.,RE-79,10078,Test,Done,RE,Real estate,software,Shruti Patil,612ef7c27c4e7900711e9356,,Medium,Done,Shruti Patil,612ef7c27c4e7900711e9356,Shruti Patil,612ef7c27c4e7900711e9356,Shruti Patil,612ef7c27c4e7900711e9356,07/Sep/21 3:00 PM,09/Sep/21 4:08 AM,09/Sep/21 4:53 AM,08/Sep/21 10:52 AM,,0,,,Shruti Patil,612ef7c27c4e7900711e9356,,,,,,,,,,,RE-29,,,,,,,,,,,{},,,,,,,0|i0000q:zu9,,RE Sprint 2,RE Sprint 4,,,,,,,,,Done
verify admin can remove one or more than one column.,RE-78,10077,Test,Done,RE,Real estate,software,Shruti Patil,612ef7c27c4e7900711e9356,,Medium,Done,Shruti Patil,612ef7c27c4e7900711e9356,Shruti Patil,612ef7c27c4e7900711e9356,Shruti Patil,612ef7c27c4e7900711e9356,07/Sep/21 1:43 PM,09/Sep/21 4:06 AM,09/Sep/21 4:53 AM,08/Sep/21 10:57 AM,,0,,,Shruti Patil,612ef7c27c4e7900711e9356,,,,,,,,,,,RE-29,,,,,,,,,,,{},,,,,,,0|i0000q:zui,,RE Sprint 2,RE Sprint 4,,,,,,,,,Done
Verify the number of item with less than equal to 999 in pagination.,RE-77,10076,Test,Done,RE,Real estate,software,Shruti Patil,612ef7c27c4e7900711e9356,,Medium,Done,Shruti Patil,612ef7c27c4e7900711e9356,Shruti Patil,612ef7c27c4e7900711e9356,Shruti Patil,612ef7c27c4e7900711e9356,07/Sep/21 1:41 PM,09/Sep/21 4:05 AM,09/Sep/21 4:53 AM,08/Sep/21 10:57 AM,,0,,,Shruti Patil,612ef7c27c4e7900711e9356,,,,,,,,,,,RE-29,,,,,,,,,,,{},,,,,,,0|i0000q:zpi,,RE Sprint 2,RE Sprint 4,,,,,,,,,Done
verify the admin can only search for title field in Search properties option.,RE-76,10075,Test,Done,RE,Real estate,software,Shruti Patil,612ef7c27c4e7900711e9356,,Medium,Done,Shruti Patil,612ef7c27c4e7900711e9356,Shruti Patil,612ef7c27c4e7900711e9356,Shruti Patil,612ef7c27c4e7900711e9356,07/Sep/21 6:22 AM,09/Sep/21 4:11 AM,09/Sep/21 4:53 AM,08/Sep/21 10:55 AM,,0,,,Shruti Patil,612ef7c27c4e7900711e9356,,,,,,,,,,,,RE-3,,,,,,,,,,{},,,,,,,0|i0000q:zzi,,RE Sprint 2,RE Sprint 4,,,,,,,,,Done
Verify the month from given drop down list.,RE-73,10072,Test,Done,RE,Real estate,software,Shruti Patil,612ef7c27c4e7900711e9356,,Medium,Done,Shruti Patil,612ef7c27c4e7900711e9356,Shruti Patil,612ef7c27c4e7900711e9356,Shruti Patil,612ef7c27c4e7900711e9356,06/Sep/21 9:19 AM,09/Sep/21 4:05 AM,09/Sep/21 4:53 AM,08/Sep/21 10:51 AM,,0,,,Shruti Patil,612ef7c27c4e7900711e9356,,,,,,,,,,,,RE-31,,,,,,,,,,{},,,,,,,0|i0000q:yo,,RE Sprint 2,RE Sprint 4,,,,,,,,,Done
"""Password field"" accept more than 10 characters.",RE-71,10070,Test,Blocked,RE,Real estate,software,Shruti Patil,612ef7c27c4e7900711e9356,,Medium,Done,Shruti Patil,612ef7c27c4e7900711e9356,Shruti Patil,612ef7c27c4e7900711e9356,Shruti Patil,612ef7c27c4e7900711e9356,06/Sep/21 9:14 AM,08/Sep/21 5:53 PM,08/Sep/21 5:53 PM,08/Sep/21 10:50 AM,,0,,,Shruti Patil,612ef7c27c4e7900711e9356,,,,,,,,,,,,RE-31,,,,,,,,,,{},,,,,,,0|i0000q:i,,RE Sprint 2,RE Sprint 4,,,,,,,,,In Progress
verify default text in title name field.,RE-70,10069,Test,Done,RE,Real estate,software,Shruti Patil,612ef7c27c4e7900711e9356,,Medium,Done,Shruti Patil,612ef7c27c4e7900711e9356,Shruti Patil,612ef7c27c4e7900711e9356,Shruti Patil,612ef7c27c4e7900711e9356,06/Sep/21 9:12 AM,09/Sep/21 4:09 AM,08/Sep/21 4:33 PM,08/Sep/21 10:50 AM,,0,,,Shruti Patil,612ef7c27c4e7900711e9356,,,,,,,,,,,,RE-31,,,,,,,,,,{},,,,,,,0|i0000p:x,,RE Sprint 2,RE Sprint 4,,,,,,,,,Done
Verify the font of title name field.,RE-69,10068,Test,Done,RE,Real estate,software,Shruti Patil,612ef7c27c4e7900711e9356,,Medium,Done,Shruti Patil,612ef7c27c4e7900711e9356,Shruti Patil,612ef7c27c4e7900711e9356,Shruti Patil,612ef7c27c4e7900711e9356,06/Sep/21 9:11 AM,09/Sep/21 4:09 AM,09/Sep/21 4:53 AM,08/Sep/21 10:50 AM,,0,,,Shruti Patil,612ef7c27c4e7900711e9356,,,,,,,,,,,,RE-31,,,,,,,,,,{},,,,,,,0|i0000p:v,,RE Sprint 2,RE Sprint 4,,,,,,,,,Done
Verify the title name field with white spaces.,RE-68,10067,Test,Done,RE,Real estate,software,Shruti Patil,612ef7c27c4e7900711e9356,,Medium,Done,Shruti Patil,612ef7c27c4e7900711e9356,Shruti Patil,612ef7c27c4e7900711e9356,Shruti Patil,612ef7c27c4e7900711e9356,06/Sep/21 9:11 AM,09/Sep/21 4:07 AM,09/Sep/21 4:53 AM,08/Sep/21 10:50 AM,,0,,,Shruti Patil,612ef7c27c4e7900711e9356,,,,,,,,,,,,RE-31,,,,,,,,,,{},,,,,,,0|i0000p:r,,RE Sprint 2,RE Sprint 4,,,,,,,,,Done
Verify the year from given drop down list.,RE-67,10066,Test,Done,RE,Real estate,software,Shruti Patil,612ef7c27c4e7900711e9356,,Medium,Done,Shruti Patil,612ef7c27c4e7900711e9356,Shruti Patil,612ef7c27c4e7900711e9356,Shruti Patil,612ef7c27c4e7900711e9356,06/Sep/21 9:04 AM,09/Sep/21 4:05 AM,09/Sep/21 4:53 AM,08/Sep/21 10:57 AM,,0,,,Shruti Patil,612ef7c27c4e7900711e9356,,,,,,,,,,,,RE-9,,,,,,,,,,{},,,,,,,0|i0000q:zuw,,RE Sprint 2,RE Sprint 4,,,,,,,,,Done
verify month from the given drop down list.,RE-66,10065,Test,Done,RE,Real estate,software,Shruti Patil,612ef7c27c4e7900711e9356,,Medium,Done,Shruti Patil,612ef7c27c4e7900711e9356,Shruti Patil,612ef7c27c4e7900711e9356,Shruti Patil,612ef7c27c4e7900711e9356,06/Sep/21 9:03 AM,09/Sep/21 4:11 AM,09/Sep/21 4:53 AM,08/Sep/21 10:51 AM,,0,,,Shruti Patil,612ef7c27c4e7900711e9356,,,,,,,,,,,,RE-9,,,,,,,,,,{},,,,,,,0|i0000q:zm,,RE Sprint 2,RE Sprint 4,,,,,,,,,Done
Verify th admin should be restored or undo the deleted from trash.,RE-65,10064,Test,Done,RE,Real estate,software,Shruti Patil,612ef7c27c4e7900711e9356,,Medium,Done,Shruti Patil,612ef7c27c4e7900711e9356,Shruti Patil,612ef7c27c4e7900711e9356,Shruti Patil,612ef7c27c4e7900711e9356,06/Sep/21 8:56 AM,09/Sep/21 4:06 AM,09/Sep/21 4:53 AM,08/Sep/21 10:51 AM,,0,,,Shruti Patil,612ef7c27c4e7900711e9356,,,,,,,,,,,,RE-7,,,,,,,,,,{},,,,,,,0|i0000q:zni,,RE Sprint 2,RE Sprint 4,,,,,,,,,Done
verify the admin should be comment with do not allow option.,RE-64,10063,Test,Done,RE,Real estate,software,Shruti Patil,612ef7c27c4e7900711e9356,,Medium,Done,Shruti Patil,612ef7c27c4e7900711e9356,Shruti Patil,612ef7c27c4e7900711e9356,Shruti Patil,612ef7c27c4e7900711e9356,06/Sep/21 8:49 AM,09/Sep/21 4:06 AM,09/Sep/21 4:53 AM,08/Sep/21 10:51 AM,,0,,,Shruti Patil,612ef7c27c4e7900711e9356,,,,,,,,,,,RE-21,,,,,,,,,,,{},,,,,,,0|i0000q:zx,,RE Sprint 2,RE Sprint 4,,,,,,,,,Done
verify the admin should be comment with allow option.,RE-63,10062,Test,Done,RE,Real estate,software,Shruti Patil,612ef7c27c4e7900711e9356,,Medium,Done,Shruti Patil,612ef7c27c4e7900711e9356,Shruti Patil,612ef7c27c4e7900711e9356,Shruti Patil,612ef7c27c4e7900711e9356,06/Sep/21 8:48 AM,09/Sep/21 4:12 AM,09/Sep/21 4:53 AM,08/Sep/21 10:57 AM,,0,,,Shruti Patil,612ef7c27c4e7900711e9356,,,,,,,,,,,RE-21,,,,,,,,,,,{},,,,,,,0|i0000q:zu,,RE Sprint 2,RE Sprint 4,,,,,,,,,Done
verify the admin should be select one or more checkboxes of Region field in edit option.,RE-62,10061,Test,Done,RE,Real estate,software,Shruti Patil,612ef7c27c4e7900711e9356,,Medium,Done,Shruti Patil,612ef7c27c4e7900711e9356,Shruti Patil,612ef7c27c4e7900711e9356,Shruti Patil,612ef7c27c4e7900711e9356,06/Sep/21 8:46 AM,09/Sep/21 4:08 AM,08/Sep/21 4:34 PM,08/Sep/21 10:51 AM,,0,,,Shruti Patil,612ef7c27c4e7900711e9356,,,,,,,,,,,RE-21,,,,,,,,,,,{},,,,,,,0|i0000q:ztr,,RE Sprint 2,RE Sprint 4,,,,,,,,,Done
verify the admin should be select one or more checkboxes of featured field in edit option.,RE-61,10060,Test,Done,RE,Real estate,software,Shruti Patil,612ef7c27c4e7900711e9356,,Medium,Done,Shruti Patil,612ef7c27c4e7900711e9356,Shruti Patil,612ef7c27c4e7900711e9356,Shruti Patil,612ef7c27c4e7900711e9356,06/Sep/21 8:46 AM,09/Sep/21 4:04 AM,09/Sep/21 4:53 AM,08/Sep/21 10:52 AM,,0,,,Shruti Patil,612ef7c27c4e7900711e9356,,,,,,,,,,,,RE-6,,,,,,,,,,{},,,,,,,0|i0000q:zov,,RE Sprint 2,RE Sprint 4,,,,,,,,,Done
Verify the title field with bulk edit.,RE-59,10058,Test,Done,RE,Real estate,software,Shruti Patil,612ef7c27c4e7900711e9356,,Medium,Done,Shruti Patil,612ef7c27c4e7900711e9356,Shruti Patil,612ef7c27c4e7900711e9356,Shruti Patil,612ef7c27c4e7900711e9356,06/Sep/21 8:41 AM,09/Sep/21 4:04 AM,09/Sep/21 4:53 AM,08/Sep/21 10:56 AM,,0,,,Shruti Patil,612ef7c27c4e7900711e9356,,,,,,,,,,,,RE-6,,,,,,,,,,{},,,,,,,0|i0000q:zor,,RE Sprint 2,RE Sprint 4,,,,,,,,,Done
Verify the admin should be able check preview or view data of title field.,RE-58,10057,Test,Done,RE,Real estate,software,Shruti Patil,612ef7c27c4e7900711e9356,,Medium,Done,Shruti Patil,612ef7c27c4e7900711e9356,Shruti Patil,612ef7c27c4e7900711e9356,Shruti Patil,612ef7c27c4e7900711e9356,06/Sep/21 8:30 AM,09/Sep/21 4:05 AM,09/Sep/21 4:53 AM,08/Sep/21 10:57 AM,,0,,,Shruti Patil,612ef7c27c4e7900711e9356,,,,,,,,,,RE-12,,,,,,,,,,,,{},,,,,,,0|i0000q:zuy,,RE Sprint 2,RE Sprint 4,,,,,,,,,Done
Verify the action field show pending review status.,RE-56,10055,Test,Blocked,RE,Real estate,software,Shruti Patil,612ef7c27c4e7900711e9356,,Medium,Done,Shruti Patil,612ef7c27c4e7900711e9356,Shruti Patil,612ef7c27c4e7900711e9356,Shruti Patil,612ef7c27c4e7900711e9356,06/Sep/21 6:22 AM,08/Sep/21 6:42 PM,09/Sep/21 4:02 AM,08/Sep/21 10:51 AM,,0,,,Shruti Patil,612ef7c27c4e7900711e9356,,,,,,,,,,,RE-16,,,,,,,,,,,{},,,,,,,0|i0000q:zo,,RE Sprint 2,RE Sprint 4,,,,,,,,,In Progress
Verify the action field show the published status.,RE-55,10054,Test,Done,RE,Real estate,software,Shruti Patil,612ef7c27c4e7900711e9356,,Medium,Done,Shruti Patil,612ef7c27c4e7900711e9356,Shruti Patil,612ef7c27c4e7900711e9356,Shruti Patil,612ef7c27c4e7900711e9356,06/Sep/21 6:21 AM,09/Sep/21 4:12 AM,09/Sep/21 4:53 AM,08/Sep/21 10:51 AM,,0,,,Shruti Patil,612ef7c27c4e7900711e9356,,,,,,,,,,,RE-16,,,,,,,,,,,{},,,,,,,0|i0000q:zt,,RE Sprint 2,RE Sprint 4,,,,,,,,,Done
Verify the action field show draft status.,RE-54,10053,Test,Done,RE,Real estate,software,Shruti Patil,612ef7c27c4e7900711e9356,,Medium,Done,Shruti Patil,612ef7c27c4e7900711e9356,Shruti Patil,612ef7c27c4e7900711e9356,Shruti Patil,612ef7c27c4e7900711e9356,06/Sep/21 6:21 AM,09/Sep/21 4:10 AM,09/Sep/21 4:53 AM,08/Sep/21 10:56 AM,,0,,,Shruti Patil,612ef7c27c4e7900711e9356,,,,,,,,,,,RE-16,,,,,,,,,,,{},,,,,,,0|i0000q:zp,,RE Sprint 2,RE Sprint 4,,,,,,,,,Done
Verify the title name  field with numeric data.,RE-53,10052,Test,Done,RE,Real estate,software,Shruti Patil,612ef7c27c4e7900711e9356,,Medium,Done,Shruti Patil,612ef7c27c4e7900711e9356,Shruti Patil,612ef7c27c4e7900711e9356,Shruti Patil,612ef7c27c4e7900711e9356,06/Sep/21 5:35 AM,09/Sep/21 4:04 AM,09/Sep/21 3:42 AM,08/Sep/21 10:55 AM,,0,,,Shruti Patil,612ef7c27c4e7900711e9356,,,,,,,,,,,,RE-31,,,,,,,,,,{},,,,,,,0|i0000q:xr,,RE Sprint 2,RE Sprint 4,,,,,,,,,Done
verify the admin should be select one or more checkboxes of featured field in drop down list.,RE-52,10051,Test,Done,RE,Real estate,software,Shruti Patil,612ef7c27c4e7900711e9356,,Medium,Done,Shruti Patil,612ef7c27c4e7900711e9356,Shruti Patil,612ef7c27c4e7900711e9356,Shruti Patil,612ef7c27c4e7900711e9356,06/Sep/21 5:31 AM,09/Sep/21 4:05 AM,09/Sep/21 4:53 AM,08/Sep/21 10:50 AM,,0,,,Shruti Patil,612ef7c27c4e7900711e9356,,,,,,,,,,,,RE-31,,,,,,,,,,{},,,,,,,0|i0000p:i,,RE Sprint 2,RE Sprint 4,,,,,,,,,Done
verify the status field should be in Pending Reviews.,RE-51,10050,Test,Blocked,RE,Real estate,software,Shruti Patil,612ef7c27c4e7900711e9356,,Medium,Done,Shruti Patil,612ef7c27c4e7900711e9356,Shruti Patil,612ef7c27c4e7900711e9356,Shruti Patil,612ef7c27c4e7900711e9356,06/Sep/21 5:30 AM,08/Sep/21 7:23 PM,08/Sep/21 7:24 PM,08/Sep/21 10:51 AM,,0,,,Shruti Patil,612ef7c27c4e7900711e9356,,,,,,,,,,,,RE-31,,,,,,,,,,{},,,,,,,0|i0000q:x9,,RE Sprint 2,RE Sprint 4,,,,,,,,,In Progress
verify the status field should be in Draft.,RE-50,10049,Test,Done,RE,Real estate,software,Shruti Patil,612ef7c27c4e7900711e9356,,Medium,Done,Shruti Patil,612ef7c27c4e7900711e9356,Shruti Patil,612ef7c27c4e7900711e9356,Shruti Patil,612ef7c27c4e7900711e9356,06/Sep/21 5:29 AM,09/Sep/21 4:10 AM,09/Sep/21 4:53 AM,08/Sep/21 10:56 AM,,0,,,Shruti Patil,612ef7c27c4e7900711e9356,,,,,,,,,,,,RE-31,,,,,,,,,,{},,,,,,,0|i0000q:zv,,RE Sprint 2,RE Sprint 4,,,,,,,,,Done
verify the status field should be published.,RE-49,10048,Test,Done,RE,Real estate,software,Shruti Patil,612ef7c27c4e7900711e9356,,Medium,Done,Shruti Patil,612ef7c27c4e7900711e9356,Shruti Patil,612ef7c27c4e7900711e9356,Shruti Patil,612ef7c27c4e7900711e9356,06/Sep/21 5:27 AM,09/Sep/21 4:07 AM,08/Sep/21 4:35 PM,08/Sep/21 10:50 AM,,0,,,Shruti Patil,612ef7c27c4e7900711e9356,,,,,,,,,,,,RE-31,,,,,,,,,,{},,,,,,,0|i0000q:x,,RE Sprint 2,RE Sprint 4,,,,,,,,,Done
Verify the comment field is not allowed.,RE-48,10047,Test,Done,RE,Real estate,software,Shruti Patil,612ef7c27c4e7900711e9356,,Medium,Done,Shruti Patil,612ef7c27c4e7900711e9356,Shruti Patil,612ef7c27c4e7900711e9356,Shruti Patil,612ef7c27c4e7900711e9356,06/Sep/21 5:27 AM,09/Sep/21 4:04 AM,09/Sep/21 4:20 AM,08/Sep/21 10:51 AM,,0,,,Shruti Patil,612ef7c27c4e7900711e9356,,,,,,,,,,,,RE-31,,,,,,,,,,{},,,,,,,0|i0000q:yi,,RE Sprint 2,RE Sprint 4,,,,,,,,,Done
Verify the comment field is allowed.,RE-47,10046,Test,Done,RE,Real estate,software,Shruti Patil,612ef7c27c4e7900711e9356,,Medium,Done,Shruti Patil,612ef7c27c4e7900711e9356,Shruti Patil,612ef7c27c4e7900711e9356,Shruti Patil,612ef7c27c4e7900711e9356,06/Sep/21 5:25 AM,09/Sep/21 4:12 AM,09/Sep/21 4:53 AM,08/Sep/21 10:50 AM,,0,,,Shruti Patil,612ef7c27c4e7900711e9356,,,,,,,,,,,,RE-31,,,,,,,,,,{},,,,,,,0|i0000q:y,,RE Sprint 2,RE Sprint 4,,,,,,,,,Done
verify the admin should be select one or more checkboxes of region field in drop down list.,RE-46,10045,Test,Done,RE,Real estate,software,Shruti Patil,612ef7c27c4e7900711e9356,,Medium,Done,Shruti Patil,612ef7c27c4e7900711e9356,Shruti Patil,612ef7c27c4e7900711e9356,Shruti Patil,612ef7c27c4e7900711e9356,06/Sep/21 5:23 AM,09/Sep/21 4:06 AM,09/Sep/21 4:53 AM,08/Sep/21 10:52 AM,,0,,,Shruti Patil,612ef7c27c4e7900711e9356,,,,,,,,,,,,RE-31,,,,,,,,,,{},,,,,,,0|i0000q:r,,RE Sprint 2,RE Sprint 4,,,,,,,,,Done
"Verify In the password field , password should be Protected.",RE-45,10044,Test,Done,RE,Real estate,software,Shruti Patil,612ef7c27c4e7900711e9356,,Medium,Done,Shruti Patil,612ef7c27c4e7900711e9356,Shruti Patil,612ef7c27c4e7900711e9356,Shruti Patil,612ef7c27c4e7900711e9356,06/Sep/21 5:00 AM,09/Sep/21 4:09 AM,08/Sep/21 4:33 PM,08/Sep/21 10:50 AM,,0,,,Shruti Patil,612ef7c27c4e7900711e9356,,,,,,,,,,,,RE-31,,,,,,,,,,{},,,,,,,0|i0000q:v,,RE Sprint 2,RE Sprint 4,,,,,,,,,Done
verify the password field should be Public.,RE-44,10043,Test,Done,RE,Real estate,software,Shruti Patil,612ef7c27c4e7900711e9356,,Medium,Done,Shruti Patil,612ef7c27c4e7900711e9356,Shruti Patil,612ef7c27c4e7900711e9356,Shruti Patil,612ef7c27c4e7900711e9356,06/Sep/21 4:59 AM,09/Sep/21 4:12 AM,09/Sep/21 4:53 AM,08/Sep/21 10:52 AM,,0,,,Shruti Patil,612ef7c27c4e7900711e9356,,,,,,,,,,,,RE-31,,,,,,,,,,{},,,,,,,0|i0000q:z,,RE Sprint 2,RE Sprint 4,,,,,,,,,Done
verify the title name field with null value.,RE-43,10042,Test,Done,RE,Real estate,software,Shruti Patil,612ef7c27c4e7900711e9356,,Medium,Done,Shruti Patil,612ef7c27c4e7900711e9356,Shruti Patil,612ef7c27c4e7900711e9356,Shruti Patil,612ef7c27c4e7900711e9356,06/Sep/21 4:58 AM,09/Sep/21 4:04 AM,09/Sep/21 3:36 AM,08/Sep/21 10:51 AM,,0,,,Shruti Patil,612ef7c27c4e7900711e9356,,,,,,,,,,,,RE-31,,,,,,,,,,{},,,,,,,0|i0000q:zi,,RE Sprint 2,RE Sprint 4,,,,,,,,,Done
verify the password field should be private.,RE-42,10041,Test,Done,RE,Real estate,software,Shruti Patil,612ef7c27c4e7900711e9356,,Medium,Done,Shruti Patil,612ef7c27c4e7900711e9356,Shruti Patil,612ef7c27c4e7900711e9356,Shruti Patil,612ef7c27c4e7900711e9356,06/Sep/21 4:55 AM,09/Sep/21 4:11 AM,09/Sep/21 3:36 AM,08/Sep/21 10:55 AM,,0,,,Shruti Patil,612ef7c27c4e7900711e9356,,,,,,,,,,,,RE-31,,,,,,,,,,{},,,,,,,0|i0000q:yr,,RE Sprint 2,RE Sprint 4,,,,,,,,,Done
verify the password field with special character.,RE-41,10040,Test,Done,RE,Real estate,software,Shruti Patil,612ef7c27c4e7900711e9356,,Medium,Done,Shruti Patil,612ef7c27c4e7900711e9356,Shruti Patil,612ef7c27c4e7900711e9356,Shruti Patil,612ef7c27c4e7900711e9356,06/Sep/21 4:54 AM,09/Sep/21 4:11 AM,08/Sep/21 4:34 PM,08/Sep/21 10:55 AM,,0,,,Shruti Patil,612ef7c27c4e7900711e9356,,,,,,,,,,,,RE-31,,,,,,,,,,{},,,,,,,0|i0000q:zy,,RE Sprint 2,RE Sprint 4,,,,,,,,,Done
verify password field with alphanumeric data.,RE-40,10039,Test,Done,RE,Real estate,software,Shruti Patil,612ef7c27c4e7900711e9356,,Medium,Done,Shruti Patil,612ef7c27c4e7900711e9356,Shruti Patil,612ef7c27c4e7900711e9356,Shruti Patil,612ef7c27c4e7900711e9356,06/Sep/21 4:53 AM,09/Sep/21 4:04 AM,09/Sep/21 4:19 AM,08/Sep/21 10:51 AM,,0,,,Shruti Patil,612ef7c27c4e7900711e9356,,,,,,,,,,,,RE-31,,,,,,,,,,{},,,,,,,0|i0000q:xf,,RE Sprint 2,RE Sprint 4,,,,,,,,,Done
verify the password should be valid.,RE-39,10038,Test,Done,RE,Real estate,software,Shruti Patil,612ef7c27c4e7900711e9356,,Medium,Done,Shruti Patil,612ef7c27c4e7900711e9356,Shruti Patil,612ef7c27c4e7900711e9356,Shruti Patil,612ef7c27c4e7900711e9356,06/Sep/21 4:52 AM,09/Sep/21 4:04 AM,09/Sep/21 4:53 AM,08/Sep/21 10:52 AM,,0,,,Shruti Patil,612ef7c27c4e7900711e9356,,,,,,,,,,,,RE-31,,,,,,,,,,{},,,,,,,0|i0000q:xi,,RE Sprint 2,RE Sprint 4,,,,,,,,,Done
verify the author name field with select from given drop down list.,RE-38,10037,Test,Done,RE,Real estate,software,Shruti Patil,612ef7c27c4e7900711e9356,,Medium,Done,Shruti Patil,612ef7c27c4e7900711e9356,Shruti Patil,612ef7c27c4e7900711e9356,Shruti Patil,612ef7c27c4e7900711e9356,06/Sep/21 4:51 AM,09/Sep/21 4:08 AM,09/Sep/21 3:35 AM,08/Sep/21 10:51 AM,,0,,,Shruti Patil,612ef7c27c4e7900711e9356,,,,,,,,,,,,RE-31,,,,,,,,,,{},,,,,,,0|i0000q:w,,RE Sprint 2,RE Sprint 4,,,,,,,,,Done
Verify the format of date in date of quick edit field.,RE-37,10036,Test,Done,RE,Real estate,software,Shruti Patil,612ef7c27c4e7900711e9356,,Medium,Done,Shruti Patil,612ef7c27c4e7900711e9356,Shruti Patil,612ef7c27c4e7900711e9356,Shruti Patil,612ef7c27c4e7900711e9356,06/Sep/21 4:39 AM,09/Sep/21 4:12 AM,09/Sep/21 4:53 AM,08/Sep/21 10:50 AM,,0,,,Shruti Patil,612ef7c27c4e7900711e9356,,,,,,,,,,,,RE-31,,,,,,,,,,{},,,,,,,0|i0000q:zr,,RE Sprint 2,RE Sprint 4,,,,,,,,,Done
Verify the selection date in date of quick edit field.,RE-36,10035,Test,Done,RE,Real estate,software,Shruti Patil,612ef7c27c4e7900711e9356,,Medium,Done,Shruti Patil,612ef7c27c4e7900711e9356,Shruti Patil,612ef7c27c4e7900711e9356,Shruti Patil,612ef7c27c4e7900711e9356,06/Sep/21 4:38 AM,09/Sep/21 4:08 AM,08/Sep/21 5:24 PM,08/Sep/21 10:50 AM,,0,,,Shruti Patil,612ef7c27c4e7900711e9356,,,,,,,,,,,,RE-31,,,,,,,,,,{},,,,,,,0|i0000q:wi,,RE Sprint 2,RE Sprint 4,,,,,,,,,Done
Verify the title name  field with special character.,RE-34,10033,Test,Blocked,RE,Real estate,software,Shruti Patil,612ef7c27c4e7900711e9356,,Medium,Done,Shruti Patil,612ef7c27c4e7900711e9356,Shruti Patil,612ef7c27c4e7900711e9356,Shruti Patil,612ef7c27c4e7900711e9356,06/Sep/21 4:32 AM,08/Sep/21 5:55 PM,08/Sep/21 5:24 PM,08/Sep/21 10:51 AM,,0,,,Shruti Patil,612ef7c27c4e7900711e9356,,,,,,,,,,,,,,,,,,,,,,{},,,,,,,0|i0000q:wr,,RE Sprint 2,RE Sprint 4,,,,,,,,,In Progress
Verify the title name  field with alphanumeric data.,RE-33,10032,Test,Done,RE,Real estate,software,Shruti Patil,612ef7c27c4e7900711e9356,,Medium,Done,Shruti Patil,612ef7c27c4e7900711e9356,Shruti Patil,612ef7c27c4e7900711e9356,Shruti Patil,612ef7c27c4e7900711e9356,06/Sep/21 4:23 AM,09/Sep/21 4:10 AM,09/Sep/21 3:41 AM,08/Sep/21 10:55 AM,,0,,,Shruti Patil,612ef7c27c4e7900711e9356,,,,,,,,,,,,RE-31,,,,,,,,,,{},,,,,,,0|i0000q:xv,,RE Sprint 2,RE Sprint 4,,,,,,,,,Done
Verify the admin should be able to Quick edit the data.,RE-32,10031,Test,Done,RE,Real estate,software,Shruti Patil,612ef7c27c4e7900711e9356,,Medium,Done,Shruti Patil,612ef7c27c4e7900711e9356,Shruti Patil,612ef7c27c4e7900711e9356,Shruti Patil,612ef7c27c4e7900711e9356,06/Sep/21 4:14 AM,09/Sep/21 4:04 AM,08/Sep/21 5:24 PM,08/Sep/21 10:55 AM,,0,,,Shruti Patil,612ef7c27c4e7900711e9356,,,,,,,,,,,,RE-31,,,,,,,,,,{},,,,,,,0|i0000q:ym,,RE Sprint 2,RE Sprint 4,,,,,,,,,Done
"As a admin, I should be able to Quick edit the data in all properties.",RE-31,10030,Story,Blocked,RE,Real estate,software,Shruti Patil,612ef7c27c4e7900711e9356,,Medium,Done,,,Shruti Patil,612ef7c27c4e7900711e9356,Shruti Patil,612ef7c27c4e7900711e9356,06/Sep/21 4:11 AM,09/Sep/21 4:03 AM,09/Sep/21 4:20 AM,08/Sep/21 5:35 PM,,0,,,Shruti Patil,612ef7c27c4e7900711e9356,,,,,,,,,,,,RE-34,,,,,,,,,,{},,RE-1,,,,,0|i0000m:1,,RE Sprint 2,RE Sprint 4,,,,,,,,,In Progress
verify the list view mode field in screen option.,RE-30,10029,Test,Done,RE,Real estate,software,Shruti Patil,612ef7c27c4e7900711e9356,,Medium,Done,Shruti Patil,612ef7c27c4e7900711e9356,Shruti Patil,612ef7c27c4e7900711e9356,Shruti Patil,612ef7c27c4e7900711e9356,06/Sep/21 3:57 AM,09/Sep/21 4:09 AM,09/Sep/21 4:53 AM,08/Sep/21 10:55 AM,,0,,,Shruti Patil,612ef7c27c4e7900711e9356,,,,,,,,,,,RE-29,RE-5,,,,,,,,,,{},,,,,,,0|i0000q:zut,,RE Sprint 2,RE Sprint 4,,,,,,,,,Done
Verify the admin should be able to click on Screen Option.,RE-29,10028,Test,Done,RE,Real estate,software,Shruti Patil,612ef7c27c4e7900711e9356,,Medium,Done,Shruti Patil,612ef7c27c4e7900711e9356,Shruti Patil,612ef7c27c4e7900711e9356,Shruti Patil,612ef7c27c4e7900711e9356,06/Sep/21 3:50 AM,09/Sep/21 4:08 AM,09/Sep/21 4:53 AM,08/Sep/21 10:52 AM,,0,,,Shruti Patil,612ef7c27c4e7900711e9356,,,,,,,,,,,,,,,,,,,,,,{},,,,,,,0|i0000q:zuv,,RE Sprint 2,RE Sprint 4,,,,,,,,,Done
Verify the admin should able to check Region field of property.,RE-28,10027,Test,Done,RE,Real estate,software,Shruti Patil,612ef7c27c4e7900711e9356,,Medium,Done,Shruti Patil,612ef7c27c4e7900711e9356,Shruti Patil,612ef7c27c4e7900711e9356,Shruti Patil,612ef7c27c4e7900711e9356,05/Sep/21 8:03 AM,09/Sep/21 4:11 AM,09/Sep/21 4:53 AM,08/Sep/21 10:58 AM,,0,,,Shruti Patil,612ef7c27c4e7900711e9356,,,,,,,,,,,,RE-14,,,,,,,,,,{},,,,,,,0|i0000q:zz,,RE Sprint 2,RE Sprint 4,,,,,,,,,Done
Verify the admin should be able to edit Title field of property.,RE-27,10026,Test,Done,RE,Real estate,software,Shruti Patil,612ef7c27c4e7900711e9356,,Medium,Done,Shruti Patil,612ef7c27c4e7900711e9356,Shruti Patil,612ef7c27c4e7900711e9356,Shruti Patil,612ef7c27c4e7900711e9356,04/Sep/21 10:03 AM,09/Sep/21 4:10 AM,09/Sep/21 4:53 AM,08/Sep/21 10:57 AM,,0,,,Shruti Patil,612ef7c27c4e7900711e9356,,,,,,,,,,,,,,,,,,,,,,{},,,,,,,0|i0000q:zuz,,RE Sprint 2,RE Sprint 4,,,,,,,,,Done
"verify the admin should be able to select multiple checkboxes that properties go to the expire properties.





",RE-25,10024,Test,Done,RE,Real estate,software,Shruti Patil,612ef7c27c4e7900711e9356,,Medium,Done,Shruti Patil,612ef7c27c4e7900711e9356,Shruti Patil,612ef7c27c4e7900711e9356,Shruti Patil,612ef7c27c4e7900711e9356,03/Sep/21 3:39 AM,09/Sep/21 4:04 AM,08/Sep/21 4:35 PM,08/Sep/21 2:23 PM,,0,,,Shruti Patil,612ef7c27c4e7900711e9356,,,,,,,,,,,,RE-10,,,,,,,,,,{},,,,,,,0|i0000q:zn,,RE Sprint 1,RE Sprint 2,RE Sprint 4,,,,,,,,Done
Verify the admin should be able to check the data by using month and year wise applying filter button.,RE-24,10023,Test,Done,RE,Real estate,software,Shruti Patil,612ef7c27c4e7900711e9356,,Medium,Done,Shruti Patil,612ef7c27c4e7900711e9356,Shruti Patil,612ef7c27c4e7900711e9356,Shruti Patil,612ef7c27c4e7900711e9356,02/Sep/21 6:31 PM,09/Sep/21 4:04 AM,08/Sep/21 4:33 PM,08/Sep/21 10:52 AM,,0,,,Shruti Patil,612ef7c27c4e7900711e9356,,,,,,,,,,,,RE-9,,,,,,,,,,{},,,,,,,0|i0000q:yv,,RE Sprint 1,RE Sprint 2,RE Sprint 4,,,,,,,,Done
"verify the admin should able to select multiple checkboxes so I used bulk action by apply button.





",RE-23,10022,Test,Done,RE,Real estate,software,Shruti Patil,612ef7c27c4e7900711e9356,,Medium,Done,Shruti Patil,612ef7c27c4e7900711e9356,Shruti Patil,612ef7c27c4e7900711e9356,Shruti Patil,612ef7c27c4e7900711e9356,02/Sep/21 6:27 PM,09/Sep/21 4:04 AM,08/Sep/21 4:34 PM,08/Sep/21 10:51 AM,,0,,,Shruti Patil,612ef7c27c4e7900711e9356,,,,,,,,,,,,,,,,,,,,,,{},,,,,,,0|i0000q:zo9,,RE Sprint 1,RE Sprint 2,RE Sprint 4,,,,,,,,Done
Verify the admin should be able to move the deleting data into trash.,RE-22,10021,Test,Done,RE,Real estate,software,Shruti Patil,612ef7c27c4e7900711e9356,,Medium,Done,Shruti Patil,612ef7c27c4e7900711e9356,Shruti Patil,612ef7c27c4e7900711e9356,Shruti Patil,612ef7c27c4e7900711e9356,02/Sep/21 12:36 PM,09/Sep/21 4:07 AM,09/Sep/21 4:53 AM,08/Sep/21 10:51 AM,,0,,,Shruti Patil,612ef7c27c4e7900711e9356,,,,,,,,,,,,,,,,,,,,,,{},,,,,,,0|i0000q:zoi,,RE Sprint 1,RE Sprint 2,RE Sprint 4,,,,,,,,Done
Verify the admin should be able to select multiple checkboxes of title field and edit data by using apply button,RE-21,10020,Test,Done,RE,Real estate,software,Shruti Patil,612ef7c27c4e7900711e9356,,Medium,Done,Shruti Patil,612ef7c27c4e7900711e9356,Shruti Patil,612ef7c27c4e7900711e9356,Shruti Patil,612ef7c27c4e7900711e9356,02/Sep/21 12:33 PM,09/Sep/21 4:07 AM,09/Sep/21 4:53 AM,08/Sep/21 10:51 AM,,0,,,Shruti Patil,612ef7c27c4e7900711e9356,,,,,,,,,,,,,,,,,,,,,,{},,,,,,,0|i0000q:zti,,RE Sprint 1,RE Sprint 2,RE Sprint 4,,,,,,,,Done
Verify the number of item field with Numeric data in pagination.,RE-20,10019,Test,Done,RE,Real estate,software,Shruti Patil,612ef7c27c4e7900711e9356,,Medium,Done,Shruti Patil,612ef7c27c4e7900711e9356,Shruti Patil,612ef7c27c4e7900711e9356,Shruti Patil,612ef7c27c4e7900711e9356,02/Sep/21 12:31 PM,09/Sep/21 4:05 AM,09/Sep/21 4:53 AM,08/Sep/21 10:52 AM,,0,,,Shruti Patil,612ef7c27c4e7900711e9356,,,,,,,,,,,RE-29,RE-5,,,,,,,,,,{},,,,,,,0|i0000q:zur,,RE Sprint 1,RE Sprint 2,RE Sprint 4,,,,,,,,Done
Verify the admin should be able to add new Property.,RE-19,10018,Test,Done,RE,Real estate,software,Shruti Patil,612ef7c27c4e7900711e9356,,Medium,Done,Shruti Patil,612ef7c27c4e7900711e9356,Shruti Patil,612ef7c27c4e7900711e9356,Shruti Patil,612ef7c27c4e7900711e9356,02/Sep/21 12:18 PM,09/Sep/21 4:08 AM,09/Sep/21 4:53 AM,08/Sep/21 10:52 AM,,0,,,Shruti Patil,612ef7c27c4e7900711e9356,,,,,,,,,,,,,,,,,,,,,,{},,,,,,,0|i0000q:zux,,RE Sprint 1,RE Sprint 2,RE Sprint 4,,,,,,,,Done
Verify the admin should add search functionality for search the properties.,RE-18,10017,Test,Done,RE,Real estate,software,Shruti Patil,612ef7c27c4e7900711e9356,,Medium,Done,Shruti Patil,612ef7c27c4e7900711e9356,Shruti Patil,612ef7c27c4e7900711e9356,Shruti Patil,612ef7c27c4e7900711e9356,02/Sep/21 11:44 AM,09/Sep/21 4:06 AM,09/Sep/21 4:53 AM,08/Sep/21 10:57 AM,,0,,,Shruti Patil,612ef7c27c4e7900711e9356,,,,,,,,,,,,,,,,,,,,,,{},,,,,,,0|i0000q:zzr,,RE Sprint 1,RE Sprint 2,RE Sprint 4,,,,,,,,Done
Verify the admin should Check properties section of real estate.,RE-17,10016,Test,Done,RE,Real estate,software,Shruti Patil,612ef7c27c4e7900711e9356,,Medium,Done,Shruti Patil,612ef7c27c4e7900711e9356,Shruti Patil,612ef7c27c4e7900711e9356,Shruti Patil,612ef7c27c4e7900711e9356,02/Sep/21 11:40 AM,09/Sep/21 4:11 AM,09/Sep/21 4:53 AM,08/Sep/21 10:56 AM,,0,,,Shruti Patil,612ef7c27c4e7900711e9356,,,,,,,,,,,,,,,,,,,,,,{},,,,,,,0|i0000q:zzjr,,RE Sprint 1,RE Sprint 2,RE Sprint 4,,,,,,,,Done
"As a admin , I verify Action Field in edit option by apply button.",RE-16,10015,Story,Blocked,RE,Real estate,software,Shruti Patil,612ef7c27c4e7900711e9356,,Medium,Done,Shruti Patil,612ef7c27c4e7900711e9356,Shruti Patil,612ef7c27c4e7900711e9356,Shruti Patil,612ef7c27c4e7900711e9356,02/Sep/21 11:22 AM,09/Sep/21 4:02 AM,09/Sep/21 4:02 AM,08/Sep/21 10:51 AM,,0,,,Shruti Patil,612ef7c27c4e7900711e9356,,,,,,,,,,,,RE-6,,,,,,,,,,{},,RE-1,,,,,0|i00006:d,,RE Sprint 1,RE Sprint 2,RE Sprint 4,,,,,,,,In Progress
"As a admin, I should able to check Region field of property.",RE-14,10013,Story,Done,RE,Real estate,software,Shruti Patil,612ef7c27c4e7900711e9356,,Medium,Done,Shruti Patil,612ef7c27c4e7900711e9356,Shruti Patil,612ef7c27c4e7900711e9356,Shruti Patil,612ef7c27c4e7900711e9356,02/Sep/21 11:20 AM,08/Sep/21 4:40 PM,08/Sep/21 4:40 PM,08/Sep/21 10:53 AM,,0,,,Shruti Patil,612ef7c27c4e7900711e9356,,,,,,,,,,,,,,,,,,,,,,{},,RE-1,,,,,0|i00006:vd,,RE Sprint 1,RE Sprint 2,RE Sprint 4,,,,,,,,Done
"As a admin, I should be able to edit Title field of property. ",RE-13,10012,Story,Done,RE,Real estate,software,Shruti Patil,612ef7c27c4e7900711e9356,,Medium,Done,Shruti Patil,612ef7c27c4e7900711e9356,Shruti Patil,612ef7c27c4e7900711e9356,Shruti Patil,612ef7c27c4e7900711e9356,02/Sep/21 11:15 AM,08/Sep/21 4:40 PM,08/Sep/21 4:40 PM,08/Sep/21 10:52 AM,,0,,,Shruti Patil,612ef7c27c4e7900711e9356,,,,,,,,,,,,RE-27,,,,,,,,,,{},,RE-1,,,,,0|i00006:vf,,RE Sprint 1,RE Sprint 2,RE Sprint 4,,,,,,,,Done
"As a admin, I should be able  check preview or view data of title field.",RE-12,10011,Story,Done,RE,Real estate,software,Shruti Patil,612ef7c27c4e7900711e9356,,Medium,Done,Shruti Patil,612ef7c27c4e7900711e9356,Shruti Patil,612ef7c27c4e7900711e9356,Shruti Patil,612ef7c27c4e7900711e9356,02/Sep/21 11:13 AM,08/Sep/21 4:40 PM,08/Sep/21 4:40 PM,08/Sep/21 10:51 AM,,0,,,Shruti Patil,612ef7c27c4e7900711e9356,,,,,,,,,,,,,,,,,,,,,,{},,RE-1,,,,,0|i00006:vi,,RE Sprint 1,RE Sprint 2,RE Sprint 4,,,,,,,,Done
"As a admin, I should be able to select multiple checkboxes that properties go to the expire properties.",RE-10,10009,Story,Done,RE,Real estate,software,Shruti Patil,612ef7c27c4e7900711e9356,,Medium,Done,Shruti Patil,612ef7c27c4e7900711e9356,Shruti Patil,612ef7c27c4e7900711e9356,Shruti Patil,612ef7c27c4e7900711e9356,02/Sep/21 11:09 AM,08/Sep/21 4:37 PM,08/Sep/21 4:36 PM,08/Sep/21 4:32 PM,,0,,,Shruti Patil,612ef7c27c4e7900711e9356,,,,,,,,,,,,,,,,,,,,,,{},,RE-1,,,,,0|i0000m:2,,RE Sprint 1,RE Sprint 2,RE Sprint 4,,,,,,,,Done
"As a admin, I should be able to check the data by using month and year wise applying filter button.",RE-9,10008,Story,Done,RE,Real estate,software,Shruti Patil,612ef7c27c4e7900711e9356,,Medium,Done,Shruti Patil,612ef7c27c4e7900711e9356,Shruti Patil,612ef7c27c4e7900711e9356,Shruti Patil,612ef7c27c4e7900711e9356,02/Sep/21 11:06 AM,08/Sep/21 4:32 PM,09/Sep/21 4:53 AM,08/Sep/21 4:32 PM,,0,,,Shruti Patil,612ef7c27c4e7900711e9356,,,,,,,,,,,,,,,,,,,,,,{},,RE-1,,,,,0|i0000m:5,,RE Sprint 1,RE Sprint 2,RE Sprint 4,,,,,,,,Done
"As a admin, I verify the admin should able to select multiple checkboxes so I used bulk action by apply button.",RE-8,10007,Story,Done,RE,Real estate,software,Shruti Patil,612ef7c27c4e7900711e9356,,Medium,Done,Shruti Patil,612ef7c27c4e7900711e9356,Shruti Patil,612ef7c27c4e7900711e9356,Shruti Patil,612ef7c27c4e7900711e9356,02/Sep/21 11:04 AM,08/Sep/21 4:32 PM,08/Sep/21 4:41 PM,08/Sep/21 4:32 PM,,0,,,Shruti Patil,612ef7c27c4e7900711e9356,,,,,,,,,,,,RE-23,,,,,,,,,,{},,RE-1,,,,,0|i0000m:4,,RE Sprint 1,RE Sprint 2,RE Sprint 4,,,,,,,,Done
"As a admin, I should move the deleting data into trash.",RE-7,10006,Story,Done,RE,Real estate,software,Shruti Patil,612ef7c27c4e7900711e9356,,Medium,Done,Shruti Patil,612ef7c27c4e7900711e9356,Shruti Patil,612ef7c27c4e7900711e9356,Shruti Patil,612ef7c27c4e7900711e9356,02/Sep/21 10:59 AM,08/Sep/21 4:32 PM,08/Sep/21 4:41 PM,08/Sep/21 4:32 PM,,0,,,Shruti Patil,612ef7c27c4e7900711e9356,,,,,,,,,,,,RE-22,,,,,,,,,,{},,RE-1,,,,,0|i0000m:6,,RE Sprint 1,RE Sprint 2,RE Sprint 4,,,,,,,,Done
"As a admin, I should be able to edit data by using apply button .",RE-6,10005,Story,Done,RE,Real estate,software,Shruti Patil,612ef7c27c4e7900711e9356,,Medium,Done,Shruti Patil,612ef7c27c4e7900711e9356,Shruti Patil,612ef7c27c4e7900711e9356,Shruti Patil,612ef7c27c4e7900711e9356,02/Sep/21 10:53 AM,09/Sep/21 4:02 AM,09/Sep/21 4:02 AM,08/Sep/21 10:51 AM,,0,,,Shruti Patil,612ef7c27c4e7900711e9356,,,,,,,,,,,,RE-21,,,,,,,,,,{},,RE-1,,,,,0|i00006:tr,,RE Sprint 1,RE Sprint 2,RE Sprint 4,,,,,,,,Done
As a admin should be able to click on Screen Option,RE-5,10004,Story,Done,RE,Real estate,software,Shruti Patil,612ef7c27c4e7900711e9356,,Medium,Done,Shruti Patil,612ef7c27c4e7900711e9356,Shruti Patil,612ef7c27c4e7900711e9356,Shruti Patil,612ef7c27c4e7900711e9356,02/Sep/21 10:47 AM,08/Sep/21 4:39 PM,08/Sep/21 4:39 PM,08/Sep/21 10:51 AM,,0,,,Shruti Patil,612ef7c27c4e7900711e9356,,,,,,,,,,,,RE-29,,,,,,,,,,{},,RE-1,,,,,0|i00006:ui,,RE Sprint 1,RE Sprint 2,RE Sprint 4,,,,,,,,Done
"As a admin, I should be able to add new Property.",RE-4,10003,Story,Done,RE,Real estate,software,Shruti Patil,612ef7c27c4e7900711e9356,,Medium,Done,Shruti Patil,612ef7c27c4e7900711e9356,Shruti Patil,612ef7c27c4e7900711e9356,Shruti Patil,612ef7c27c4e7900711e9356,02/Sep/21 10:45 AM,08/Sep/21 4:40 PM,08/Sep/21 4:40 PM,08/Sep/21 10:52 AM,,0,,,Shruti Patil,612ef7c27c4e7900711e9356,,,,,,,,,,,,RE-19,,,,,,,,,,{},,RE-1,,,,,0|i00006:v1,,RE Sprint 1,RE Sprint 2,RE Sprint 4,,,,,,,,Done
"As a admin, I  have to add search Functionality for search the properties of real estate.",RE-3,10002,Story,Done,RE,Real estate,software,Shruti Patil,612ef7c27c4e7900711e9356,,Medium,Done,Shruti Patil,612ef7c27c4e7900711e9356,Shruti Patil,612ef7c27c4e7900711e9356,Shruti Patil,612ef7c27c4e7900711e9356,02/Sep/21 10:40 AM,08/Sep/21 4:41 PM,08/Sep/21 4:41 PM,08/Sep/21 10:51 AM,,0,,,Shruti Patil,612ef7c27c4e7900711e9356,,,,,,,,,,,,RE-18,,,,,,,,,,{},,RE-1,,,,,0|i0000d:,,RE Sprint 1,RE Sprint 2,RE Sprint 4,,,,,,,,Done
"As a admin, I should be able to check properties section of real estate.",RE-2,10001,Story,Done,RE,Real estate,software,Shruti Patil,612ef7c27c4e7900711e9356,,Medium,Done,Shruti Patil,612ef7c27c4e7900711e9356,Shruti Patil,612ef7c27c4e7900711e9356,Shruti Patil,612ef7c27c4e7900711e9356,02/Sep/21 9:30 AM,08/Sep/21 5:11 PM,08/Sep/21 5:12 PM,08/Sep/21 2:56 PM,,0,,,Shruti Patil,612ef7c27c4e7900711e9356,,2400,2400,,0%,2400,2400,,,,,RE-17,,,,,,,,,,{},,RE-1,,,,,0|i0000m:d,,RE Sprint 1,RE Sprint 2,RE Sprint 4,,,,,,,,Done
All Properties,RE-1,10000,Epic,In Progress,RE,Real estate,software,Shruti Patil,612ef7c27c4e7900711e9356,,Medium,,Shruti Patil,612ef7c27c4e7900711e9356,Shruti Patil,612ef7c27c4e7900711e9356,Shruti Patil,612ef7c27c4e7900711e9356,02/Sep/21 9:02 AM,08/Sep/21 5:17 PM,08/Sep/21 5:14 PM,,,0,,,Shruti Patil,612ef7c27c4e7900711e9356,,,,,,4800,2400,2400,,,,,,,,,,,,,,{},ghx-label-7,,Real Estate ,To Do,,,0|hzzzzz:,,RE Sprint 4,,,,,,,,,,In Progress
